{
  "name": "نظام إدارة الموارد البشرية",
  "version": "1.0.0",
  "description": "نظام شامل لإدارة الموارد البشرية والرواتب",
  "author": "فريق التطوير",
  "license": "MIT",
  "features": [
    "إدارة المستخدمين والصلاحيات",
    "نظام الحضور والانصراف",
    "إدارة الإجازات والطلبات",
    "نظام التوظيف (ATS)",
    "تقييم الأداء",
    "إدارة التدريب والتعلم",
    "نظام الرواتب والمحاسبة",
    "التقارير والإحصائيات",
    "دعم اللغة العربية",
    "واجهة مستخدم حديثة"
  ],
  "systemRequirements": {
    "os": "Windows 7/8/10/11",
    "ram": "4 GB",
    "storage": "500 MB",
    "processor": "Intel/AMD Compatible"
  },
  "support": {
    "email": "support@hrmanagement.com",
    "website": "https://hrmanagement.com",
    "documentation": "https://docs.hrmanagement.com"
  }
}
